-- Seed assessment methods, assessment items and scores for teacher demo classes.
-- Without these rows the teacher final-score endpoint recalculates every
-- student's final score as 0.

INSERT INTO `assessment_method` (`id`, `course_id`, `name`, `weight`) VALUES
(15001, 102, '期末考试', 0.50),
(15002, 102, '课程实验', 0.30),
(15003, 102, '平时作业', 0.20),
(15004, 107, '期末项目', 0.40),
(15005, 107, '平时实验', 0.30),
(15006, 107, '综合测验', 0.30)
ON DUPLICATE KEY UPDATE
    `course_id` = VALUES(`course_id`),
    `name` = VALUES(`name`),
    `weight` = VALUES(`weight`);

INSERT INTO `assessment_item` (`id`, `method_id`, `name`, `max_score`, `course_objective_id`) VALUES
(15101, 15001, '期末考试-数据结构基础题', 40.00, 1021),
(15102, 15001, '期末考试-算法设计题', 60.00, 1022),
(15103, 15002, '线性表与树图实验', 100.00, 1021),
(15104, 15003, '算法复杂度平时作业', 100.00, 1022),
(15105, 15004, '全栈项目交付', 100.00, 2009),
(15106, 15005, '接口联调实验', 100.00, 2010),
(15107, 15006, '前端基础测验', 50.00, 2009),
(15108, 15006, '后端接口测验', 50.00, 2010)
ON DUPLICATE KEY UPDATE
    `method_id` = VALUES(`method_id`),
    `name` = VALUES(`name`),
    `max_score` = VALUES(`max_score`),
    `course_objective_id` = VALUES(`course_objective_id`);

INSERT INTO `student_score` (`id`, `student_id`, `teaching_class_id`, `assessment_item_id`, `actual_score`) VALUES
(15201, 2011, 1003, 15101, 34.00),
(15202, 2011, 1003, 15102, 52.00),
(15203, 2011, 1003, 15103, 91.00),
(15204, 2011, 1003, 15104, 88.00),
(15205, 2012, 1003, 15101, 31.00),
(15206, 2012, 1003, 15102, 48.00),
(15207, 2012, 1003, 15103, 84.00),
(15208, 2012, 1003, 15104, 82.00),
(15209, 2013, 1003, 15101, 36.00),
(15210, 2013, 1003, 15102, 55.00),
(15211, 2013, 1003, 15103, 94.00),
(15212, 2013, 1003, 15104, 90.00),
(15213, 2014, 1003, 15101, 28.00),
(15214, 2014, 1003, 15102, 43.00),
(15215, 2014, 1003, 15103, 78.00),
(15216, 2014, 1003, 15104, 74.00),
(15217, 2015, 1003, 15101, 33.00),
(15218, 2015, 1003, 15102, 50.00),
(15219, 2015, 1003, 15103, 87.00),
(15220, 2015, 1003, 15104, 85.00),
(15221, 2001, 2006, 15105, 92.00),
(15222, 2001, 2006, 15106, 90.00),
(15223, 2001, 2006, 15107, 45.00),
(15224, 2001, 2006, 15108, 43.00),
(15225, 2002, 2006, 15105, 85.00),
(15226, 2002, 2006, 15106, 82.00),
(15227, 2002, 2006, 15107, 41.00),
(15228, 2002, 2006, 15108, 40.00),
(15229, 2003, 2006, 15105, 78.00),
(15230, 2003, 2006, 15106, 76.00),
(15231, 2003, 2006, 15107, 38.00),
(15232, 2003, 2006, 15108, 36.00),
(15233, 2004, 2006, 15105, 95.00),
(15234, 2004, 2006, 15106, 93.00),
(15235, 2004, 2006, 15107, 47.00),
(15236, 2004, 2006, 15108, 46.00),
(15237, 2005, 2006, 15105, 72.00),
(15238, 2005, 2006, 15106, 70.00),
(15239, 2005, 2006, 15107, 35.00),
(15240, 2005, 2006, 15108, 34.00)
ON DUPLICATE KEY UPDATE
    `teaching_class_id` = VALUES(`teaching_class_id`),
    `actual_score` = VALUES(`actual_score`);

DELETE FROM `student_course_score`
WHERE `teaching_class_id` IN (1003, 2006);

INSERT INTO `student_course_score`
(`id`, `student_id`, `course_id`, `teaching_class_id`, `homework_score`, `experiment_score`, `exam_score`, `total_score`, `is_passed`) VALUES
(15301, 2011, 102, 1003, 88.00, 91.00, 86.00, 87.90, 1),
(15302, 2012, 102, 1003, 82.00, 84.00, 79.00, 81.10, 1),
(15303, 2013, 102, 1003, 90.00, 94.00, 91.00, 91.70, 1),
(15304, 2014, 102, 1003, 74.00, 78.00, 71.00, 73.70, 1),
(15305, 2015, 102, 1003, 85.00, 87.00, 83.00, 84.60, 1),
(15306, 2001, 107, 2006, 0.00, 90.00, 88.00, 90.20, 1),
(15307, 2002, 107, 2006, 0.00, 82.00, 81.00, 81.50, 1),
(15308, 2003, 107, 2006, 0.00, 76.00, 74.00, 76.20, 1),
(15309, 2004, 107, 2006, 0.00, 93.00, 93.00, 93.80, 1),
(15310, 2005, 107, 2006, 0.00, 70.00, 69.00, 70.70, 1);
