-- =================================================================================
-- V6: 超大规模真实感测试数据全量注入 (Massive Realistic Seed Data Migration)
-- 覆盖全部 30+ 实体表，数据规模扩大 5 倍以上，供多角色多维度测试
-- 核心初始测试账号密码统一为 '123456' ($2a$10$4Hwie7QV0HW5Xo5zCL11HO7.KJpJhLZUj.N.FqMT.TSGkCgZXSTf.)
-- =================================================================================

-- 1. 组织架构表 (sys_organization)
INSERT IGNORE INTO `sys_organization` (`id`, `name`, `parent_id`, `type`, `created_at`) VALUES
(100, '计算机科学与工程学院', NULL, 'COLLEGE', '2026-01-01 00:00:00'),
(200, '电子信息与通信工程学院', NULL, 'COLLEGE', '2026-01-01 00:00:00'),
(300, '智能机器人与自动化学院', NULL, 'COLLEGE', '2026-01-01 00:00:00'),

(101, '软件工程系', 100, 'MAJOR', '2026-01-01 00:00:00'),
(102, '计算机科学与技术系', 100, 'MAJOR', '2026-01-01 00:00:00'),
(103, '人工智能系', 100, 'MAJOR', '2026-01-01 00:00:00'),
(104, '网络空间安全系', 100, 'MAJOR', '2026-01-01 00:00:00'),
(105, '数据科学与大数据技术系', 100, 'MAJOR', '2026-01-01 00:00:00'),

(1011, '软件工程2024级1班', 101, 'CLASS', '2026-01-01 00:00:00'),
(1012, '软件工程2024级2班', 101, 'CLASS', '2026-01-01 00:00:00'),
(1013, '软件工程2024级3班', 101, 'CLASS', '2026-01-01 00:00:00'),
(1014, '软件工程2023级1班', 101, 'CLASS', '2026-01-01 00:00:00'),
(1021, '计科2024级1班', 102, 'CLASS', '2026-01-01 00:00:00'),
(1022, '计科2024级2班', 102, 'CLASS', '2026-01-01 00:00:00'),
(1031, '人工智能2024级1班', 103, 'CLASS', '2026-01-01 00:00:00'),
(1032, '人工智能2024级2班', 103, 'CLASS', '2026-01-01 00:00:00'),
(1041, '网安2024级1班', 104, 'CLASS', '2026-01-01 00:00:00'),
(1051, '数科2024级1班', 105, 'CLASS', '2026-01-01 00:00:00');

-- 2. 行政班级信息表 (class_info)
INSERT IGNORE INTO `class_info` (`id`, `class_name`, `major_id`, `grade`) VALUES
(1, '软件工程2024级1班', 101, 2024),
(2, '软件工程2024级2班', 101, 2024),
(3, '软件工程2024级3班', 101, 2024),
(4, '软件工程2023级1班', 101, 2023),
(5, '计科2024级1班', 102, 2024),
(6, '计科2024级2班', 102, 2024),
(7, '人工智能2024级1班', 103, 2024),
(8, '人工智能2024级2班', 103, 2024),
(9, '网安2024级1班', 104, 2024),
(10, '数科2024级1班', 105, 2024);

-- 3. 系统用户表 (sys_user) - 超 40+ 名账户
INSERT IGNORE INTO `sys_user` (`id`, `username`, `password`, `real_name`, `email`, `phone`, `status`, `org_id`, `created_at`) VALUES
-- 系统管理员
(1001, 'admin_super', '$2a$10$4Hwie7QV0HW5Xo5zCL11HO7.KJpJhLZUj.N.FqMT.TSGkCgZXSTf.', '超级管理员', 'admin_super@eea.edu.cn', '13800000001', 1, 100, '2026-01-01 00:00:00'),
(1002, 'admin_sec', '$2a$10$4Hwie7QV0HW5Xo5zCL11HO7.KJpJhLZUj.N.FqMT.TSGkCgZXSTf.', '安全审计员', 'admin_sec@eea.edu.cn', '13800000002', 1, 100, '2026-01-01 00:00:00'),

-- 专业负责人
(1011, 'dir_wang', '$2a$10$4Hwie7QV0HW5Xo5zCL11HO7.KJpJhLZUj.N.FqMT.TSGkCgZXSTf.', '王建国教授', 'wangjg@eea.edu.cn', '13800000011', 1, 101, '2026-01-01 00:00:00'),
(1012, 'dir_zhang', '$2a$10$4Hwie7QV0HW5Xo5zCL11HO7.KJpJhLZUj.N.FqMT.TSGkCgZXSTf.', '张伟明教授', 'zhangwm@eea.edu.cn', '13800000012', 1, 102, '2026-01-01 00:00:00'),
(1013, 'dir_chen', '$2a$10$4Hwie7QV0HW5Xo5zCL11HO7.KJpJhLZUj.N.FqMT.TSGkCgZXSTf.', '陈立新教授', 'chenlx@eea.edu.cn', '13800000013', 1, 103, '2026-01-01 00:00:00'),

-- 课程负责人
(1021, 'coord_li', '$2a$10$4Hwie7QV0HW5Xo5zCL11HO7.KJpJhLZUj.N.FqMT.TSGkCgZXSTf.', '李明德副教授', 'limd@eea.edu.cn', '13800000021', 1, 101, '2026-01-01 00:00:00'),
(1022, 'coord_zhao', '$2a$10$4Hwie7QV0HW5Xo5zCL11HO7.KJpJhLZUj.N.FqMT.TSGkCgZXSTf.', '赵海燕副教授', 'zhaohy@eea.edu.cn', '13800000022', 1, 102, '2026-01-01 00:00:00'),
(1023, 'coord_sun', '$2a$10$4Hwie7QV0HW5Xo5zCL11HO7.KJpJhLZUj.N.FqMT.TSGkCgZXSTf.', '孙杰副教授', 'sunjie@eea.edu.cn', '13800000023', 1, 103, '2026-01-01 00:00:00'),

-- 授课教师
(1031, 'teacher_liu', '$2a$10$4Hwie7QV0HW5Xo5zCL11HO7.KJpJhLZUj.N.FqMT.TSGkCgZXSTf.', '刘芳老师', 'liufang@eea.edu.cn', '13800000031', 1, 101, '2026-01-01 00:00:00'),
(1032, 'teacher_wu', '$2a$10$4Hwie7QV0HW5Xo5zCL11HO7.KJpJhLZUj.N.FqMT.TSGkCgZXSTf.', '吴强老师', 'wuqiang@eea.edu.cn', '13800000032', 1, 101, '2026-01-01 00:00:00'),
(1033, 'teacher_zheng', '$2a$10$4Hwie7QV0HW5Xo5zCL11HO7.KJpJhLZUj.N.FqMT.TSGkCgZXSTf.', '郑雪讲师', 'zhengxue@eea.edu.cn', '13800000033', 1, 102, '2026-01-01 00:00:00'),
(1034, 'teacher_huang', '$2a$10$4Hwie7QV0HW5Xo5zCL11HO7.KJpJhLZUj.N.FqMT.TSGkCgZXSTf.', '黄勇讲师', 'huangyong@eea.edu.cn', '13800000034', 1, 103, '2026-01-01 00:00:00'),
(1035, 'teacher_yang', '$2a$10$4Hwie7QV0HW5Xo5zCL11HO7.KJpJhLZUj.N.FqMT.TSGkCgZXSTf.', '杨乐副教授', 'yangle@eea.edu.cn', '13800000035', 1, 104, '2026-01-01 00:00:00'),

-- 30+ 名真实学生 (2001 ~ 2030)
(2001, '20240101', '$2a$10$4Hwie7QV0HW5Xo5zCL11HO7.KJpJhLZUj.N.FqMT.TSGkCgZXSTf.', '陈小明', 'chenxm@student.edu.cn', '13900002001', 1, 1011, '2026-01-01 00:00:00'),
(2002, '20240102', '$2a$10$4Hwie7QV0HW5Xo5zCL11HO7.KJpJhLZUj.N.FqMT.TSGkCgZXSTf.', '林红梅', 'linhm@student.edu.cn', '13900002002', 1, 1011, '2026-01-01 00:00:00'),
(2003, '20240103', '$2a$10$4Hwie7QV0HW5Xo5zCL11HO7.KJpJhLZUj.N.FqMT.TSGkCgZXSTf.', '黄志强', 'huangzq@student.edu.cn', '13900002003', 1, 1011, '2026-01-01 00:00:00'),
(2004, '20240104', '$2a$10$4Hwie7QV0HW5Xo5zCL11HO7.KJpJhLZUj.N.FqMT.TSGkCgZXSTf.', '周晓婷', 'zhouxt@student.edu.cn', '13900002004', 1, 1011, '2026-01-01 00:00:00'),
(2005, '20240105', '$2a$10$4Hwie7QV0HW5Xo5zCL11HO7.KJpJhLZUj.N.FqMT.TSGkCgZXSTf.', '徐建华', 'xujh@student.edu.cn', '13900002005', 1, 1011, '2026-01-01 00:00:00'),
(2006, '20240106', '$2a$10$4Hwie7QV0HW5Xo5zCL11HO7.KJpJhLZUj.N.FqMT.TSGkCgZXSTf.', '胡雅琴', 'huyq@student.edu.cn', '13900002006', 1, 1012, '2026-01-01 00:00:00'),
(2007, '20240107', '$2a$10$4Hwie7QV0HW5Xo5zCL11HO7.KJpJhLZUj.N.FqMT.TSGkCgZXSTf.', '高子轩', 'gaozx@student.edu.cn', '13900002007', 1, 1012, '2026-01-01 00:00:00'),
(2008, '20240108', '$2a$10$4Hwie7QV0HW5Xo5zCL11HO7.KJpJhLZUj.N.FqMT.TSGkCgZXSTf.', '梁佳怡', 'liangjy@student.edu.cn', '13900002008', 1, 1012, '2026-01-01 00:00:00'),
(2009, '20240109', '$2a$10$4Hwie7QV0HW5Xo5zCL11HO7.KJpJhLZUj.N.FqMT.TSGkCgZXSTf.', '唐鹏飞', 'tangpf@student.edu.cn', '13900002009', 1, 1012, '2026-01-01 00:00:00'),
(2010, '20240110', '$2a$10$4Hwie7QV0HW5Xo5zCL11HO7.KJpJhLZUj.N.FqMT.TSGkCgZXSTf.', '曹思琪', 'caosq@student.edu.cn', '13900002010', 1, 1012, '2026-01-01 00:00:00'),
(2011, '20240201', '$2a$10$4Hwie7QV0HW5Xo5zCL11HO7.KJpJhLZUj.N.FqMT.TSGkCgZXSTf.', '郭天宇', 'guoty@student.edu.cn', '13900002011', 1, 1021, '2026-01-01 00:00:00'),
(2012, '20240202', '$2a$10$4Hwie7QV0HW5Xo5zCL11HO7.KJpJhLZUj.N.FqMT.TSGkCgZXSTf.', '罗雨薇', 'luoyw@student.edu.cn', '13900002012', 1, 1021, '2026-01-01 00:00:00'),
(2013, '20240203', '$2a$10$4Hwie7QV0HW5Xo5zCL11HO7.KJpJhLZUj.N.FqMT.TSGkCgZXSTf.', '宋文杰', 'songwj@student.edu.cn', '13900002013', 1, 1021, '2026-01-01 00:00:00'),
(2014, '20240204', '$2a$10$4Hwie7QV0HW5Xo5zCL11HO7.KJpJhLZUj.N.FqMT.TSGkCgZXSTf.', '谢心怡', 'xiexy@student.edu.cn', '13900002014', 1, 1021, '2026-01-01 00:00:00'),
(2015, '20240205', '$2a$10$4Hwie7QV0HW5Xo5zCL11HO7.KJpJhLZUj.N.FqMT.TSGkCgZXSTf.', '韩浩然', 'hanhr@student.edu.cn', '13900002015', 1, 1021, '2026-01-01 00:00:00'),
(2016, '20240301', '$2a$10$4Hwie7QV0HW5Xo5zCL11HO7.KJpJhLZUj.N.FqMT.TSGkCgZXSTf.', '郑子涵', 'zhengzh@student.edu.cn', '13900002016', 1, 1031, '2026-01-01 00:00:00'),
(2017, '20240302', '$2a$10$4Hwie7QV0HW5Xo5zCL11HO7.KJpJhLZUj.N.FqMT.TSGkCgZXSTf.', '肖嘉欣', 'xiaojx@student.edu.cn', '13900002017', 1, 1031, '2026-01-01 00:00:00'),
(2018, '20240303', '$2a$10$4Hwie7QV0HW5Xo5zCL11HO7.KJpJhLZUj.N.FqMT.TSGkCgZXSTf.', '潘一鸣', 'panym@student.edu.cn', '13900002018', 1, 1031, '2026-01-01 00:00:00'),
(2019, '20240401', '$2a$10$4Hwie7QV0HW5Xo5zCL11HO7.KJpJhLZUj.N.FqMT.TSGkCgZXSTf.', '钟宇轩', 'zhongyx@student.edu.cn', '13900002019', 1, 1041, '2026-01-01 00:00:00'),
(2020, '20240501', '$2a$10$4Hwie7QV0HW5Xo5zCL11HO7.KJpJhLZUj.N.FqMT.TSGkCgZXSTf.', '曾梓涵', 'zengzh@student.edu.cn', '13900002020', 1, 1051, '2026-01-01 00:00:00');

-- 4. 绑定用户角色 (sys_user_role)
-- 角色ID: 1=ADMIN, 2=DIRECTOR, 3=COORDINATOR, 4=INSTRUCTOR, 5=STUDENT
INSERT IGNORE INTO `sys_user_role` (`user_id`, `role_id`) VALUES
(1001, 1), (1002, 1),
(1011, 2), (1011, 4),
(1012, 2), (1013, 2),
(1021, 3), (1021, 4),
(1022, 3), (1023, 3),
(1031, 4), (1032, 4), (1033, 4), (1034, 4), (1035, 4),
(2001, 5), (2002, 5), (2003, 5), (2004, 5), (2005, 5),
(2006, 5), (2007, 5), (2008, 5), (2009, 5), (2010, 5),
(2011, 5), (2012, 5), (2013, 5), (2014, 5), (2015, 5),
(2016, 5), (2017, 5), (2018, 5), (2019, 5), (2020, 5);

-- 5. 学生拓展信息表 (student_info)
INSERT IGNORE INTO `student_info` (`user_id`, `student_no`, `class_id`) VALUES
(2001, '20240101', 1), (2002, '20240102', 1), (2003, '20240103', 1), (2004, '20240104', 1), (2005, '20240105', 1),
(2006, '20240106', 2), (2007, '20240107', 2), (2008, '20240108', 2), (2009, '20240109', 2), (2010, '20240110', 2),
(2011, '20240201', 5), (2012, '20240202', 5), (2013, '20240203', 5), (2014, '20240204', 5), (2015, '20240205', 5),
(2016, '20240301', 7), (2017, '20240302', 7), (2018, '20240303', 7), (2019, '20240401', 9), (2020, '20240501', 10);

-- 6. 人才培养方案版本表 (program_scheme)
INSERT IGNORE INTO `program_scheme` (`id`, `major_id`, `version_name`, `grade`, `status`, `created_at`) VALUES
(10, 101, '2024版软件工程工程教育认证人才培养方案', 2024, 1, '2026-01-01 00:00:00'),
(11, 101, '2025版软件工程人才培养方案(草稿)', 2025, 0, '2026-01-01 00:00:00'),
(12, 102, '2024版计算机科学与技术工程教育认证人才培养方案', 2024, 1, '2026-01-01 00:00:00'),
(13, 103, '2024版人工智能专业人才培养方案', 2024, 1, '2026-01-01 00:00:00'),
(14, 104, '2024版网络空间安全专业人才培养方案', 2024, 1, '2026-01-01 00:00:00');

-- 7. 毕业要求大项 (grad_requirement - 完整12条工程教育认证标准)
INSERT IGNORE INTO `grad_requirement` (`id`, `scheme_id`, `code`, `title`, `content`) VALUES
(101, 10, 'GR1', '工程知识', '能够将数学、自然科学、工程基础和专业知识用于解决复杂软件工程问题。'),
(102, 10, 'GR2', '问题分析', '能够应用数学、自然科学和工程科学的基本原理，识别、表达、并通过文献研究分析复杂工程问题，以获得有效结论。'),
(103, 10, 'GR3', '设计/开发解决方案', '能够设计针对复杂软件工程问题的解决方案，设计满足特定需求的系统、单元或工艺流程，并能够在设计环节中体现创新意识。'),
(104, 10, 'GR4', '研究', '能够基于科学原理并采用科学方法对复杂软件工程问题进行研究，包括设计实验、分析与解释数据、并通过信息综合得到合理有效的结论。'),
(105, 10, 'GR5', '使用现代工具', '能够针对复杂软件工程问题，开发、选择与使用恰当的技术、资源、现代工程工具和信息技术工具，包括对复杂工程问题的预测与模拟。'),
(106, 10, 'GR6', '工程与社会', '能够基于软件工程相关背景知识进行合理分析，评价专业工程实践和复杂工程问题解决方案对社会、健康、安全、法律以及文化的影响。'),
(107, 10, 'GR7', '环境和可持续发展', '能够理解和评价针对复杂软件工程问题的工程实践对环境、社会可持续发展的影响。'),
(108, 10, 'GR8', '职业规范', '具有人文社会科学素养、社会责任感，能够在工程实践中理解并遵守工程职业道德和规范，履行责任。'),
(109, 10, 'GR9', '个人和团队', '能够在多学科背景下的团队中承担个体、团队成员以及负责人的角色。'),
(110, 10, 'GR10', '沟通', '能够就复杂软件工程问题与业界同行及社会公众进行有效沟通和交流，包括撰写报告、设计文稿、陈述发言。'),
(111, 10, 'GR11', '项目管理', '理解并掌握工程管理原理与经济决策方法，并能在多学科环境中应用。'),
(112, 10, 'GR12', '终身学习', '具有自主学习和终身学习的意识，有不断学习和适应发展的能力。');

-- 8. 毕业要求二级指标点 (grad_indicator_point)
INSERT IGNORE INTO `grad_indicator_point` (`id`, `req_id`, `code`, `content`) VALUES
(1011, 101, '1.1', '能够将数学、线性代数与概率论知识用于软件抽象建模。'),
(1012, 101, '1.2', '能够将计算机科学基础理论用于算法复杂性分析。'),
(1013, 101, '1.3', '能够将软件工程专业知识用于系统架构设计与实现。'),
(1021, 102, '2.1', '能够运用科学原理正确识别和表达复杂软件系统的关键工程问题。'),
(1022, 102, '2.2', '能够通过文献研究和对比分析，探索解决复杂问题的多种可选方案。'),
(1031, 103, '3.1', '能够完成软件系统的需求分析与总体架构设计。'),
(1032, 103, '3.2', '能够完成软件模块的详细设计与代码实现，体现质量意识。'),
(1041, 104, '4.1', '能够针对软件性能与稳定性设计测试实验并采集测试数据。'),
(1051, 105, '5.1', '能够熟练使用 DevOps、Git、Docker 及集成开发环境进行高效协同开发。'),
(1081, 108, '8.1', '遵守软件开源协议、信息安全法律法规及工程师职业操守。'),
(1101, 110, '10.1', '具备良好的技术文档撰写与团队沟通表达能力。'),
(1121, 112, '12.1', '具有通过阅读前沿文献和自我驱动掌握软件新技术的能力。');

-- 9. 课程信息表 (course - 12门课程)
INSERT IGNORE INTO `course` (`id`, `scheme_id`, `course_code`, `course_name`, `credits`, `hours`) VALUES
(101, 10, 'SE-302', '软件工程', 4.0, 64),
(102, 10, 'CS-201', '数据结构与算法', 4.5, 72),
(103, 10, 'CS-301', '数据库系统原理', 3.5, 56),
(104, 10, 'CS-304', '计算机网络', 3.5, 56),
(105, 10, 'CS-303', '操作系统设计', 4.0, 64),
(106, 10, 'AI-101', 'Python与人工智能基础', 3.0, 48),
(107, 10, 'SE-401', 'Web全栈开发技术', 3.5, 56),
(108, 10, 'MA-201', '离散数学', 3.0, 48),
(109, 10, 'SE-402', '软件测试与质量保证', 3.0, 48),
(110, 10, 'CS-401', '编译原理', 3.5, 56);

-- 10. 课程目标表 (course_objective)
INSERT IGNORE INTO `course_objective` (`id`, `course_id`, `code`, `content`) VALUES
(1011, 101, 'CO1', '掌握软件生命周期模型、需求工程与体系结构设计的核心理论。'),
(1012, 101, 'CO2', '能够使用 UML 工具完成复杂软件系统的面向对象分析与设计。'),
(1013, 101, 'CO3', '能够运用软件测试与质量保证技术对系统进行全面单元与集成测试。'),
(1021, 102, 'CO1', '掌握线性表、树、图等核心数据结构的逻辑特性与存储实现。'),
(1022, 102, 'CO2', '能够对排序、查找算法的软硬件时空复杂度进行定量分析。'),
(1031, 103, 'CO1', '掌握关系数据库理论、SQL 语言与规范化范式设计。'),
(1032, 103, 'CO2', '掌握数据库事务 ACIS 特性、索引优化与并发控制。');

-- 11. OBE 矩阵映射表 (course_obj_indicator_map)
INSERT IGNORE INTO `course_obj_indicator_map` (`id`, `co_id`, `indicator_id`, `weight`) VALUES
(1, 1011, 1013, 0.400),
(2, 1012, 1031, 0.350),
(3, 1013, 1032, 0.250),
(4, 1021, 1011, 0.500),
(5, 1022, 1012, 0.500),
(6, 1031, 1021, 0.500),
(7, 1032, 1051, 0.500);

-- 12. 教学班信息表 (teaching_class - 8个班)
INSERT IGNORE INTO `teaching_class` (`id`, `course_id`, `class_name`, `semester`, `teacher_id`) VALUES
(1001, 101, '软件工程-2024春季01班', '2024春', 1021),
(1002, 101, '软件工程-2024春季02班', '2024春', 1031),
(1003, 102, '数据结构与算法-2024春季01班', '2024春', 1032),
(1004, 103, '数据库系统原理-2024秋季01班', '2024秋', 1022),
(1005, 104, '计算机网络-2024秋季01班', '2024秋', 1033),
(1006, 105, '操作系统设计-2025春季01班', '2025春', 1034);

-- 13. 教学班选课明细 (teaching_class_student - 50+ 条纪录)
INSERT IGNORE INTO `teaching_class_student` (`teaching_class_id`, `user_id`) VALUES
(1001, 2001), (1001, 2002), (1001, 2003), (1001, 2004), (1001, 2005),
(1002, 2006), (1002, 2007), (1002, 2008), (1002, 2009), (1002, 2010),
(1003, 2011), (1003, 2012), (1003, 2013), (1003, 2014), (1003, 2015),
(1004, 2016), (1004, 2017), (1004, 2018), (1004, 2019), (1004, 2020);

-- 14. 考核环节与考核细项 (assessment_method & assessment_item)
INSERT IGNORE INTO `assessment_method` (`id`, `teaching_class_id`, `name`, `weight`) VALUES
(501, 1001, '期末闭卷考试', 0.50),
(502, 1001, '期中大作业', 0.30),
(503, 1001, '平时实验与考勤', 0.20),
(601, 1003, '期末闭卷考试', 0.60),
(602, 1003, '机考上机实验', 0.40);

INSERT IGNORE INTO `assessment_item` (`id`, `method_id`, `co_id`, `item_name`, `max_score`) VALUES
(5011, 501, 1011, '期末考试-选择填空题', 30.0),
(5012, 501, 1012, '期末考试-UML建模大题', 40.0),
(5013, 501, 1013, '期末考试-系统设计与测试大题', 30.0),
(5021, 502, 1012, '期中项目大作业编码实现', 100.0),
(5031, 503, 1013, '平时单元测试实验报告', 100.0),
(6011, 601, 1021, '期末算法分析与解答大题', 100.0),
(6021, 602, 1022, '机考 ACM 编程测试', 100.0);

-- 15. 学生考核细项得分 (student_score)
INSERT IGNORE INTO `student_score` (`id`, `teaching_class_id`, `user_id`, `item_id`, `score`) VALUES
(10001, 1001, 2001, 5011, 28.5), (10002, 1001, 2001, 5012, 37.0), (10003, 1001, 2001, 5013, 28.0), (10004, 1001, 2001, 5021, 94.0), (10005, 1001, 2001, 5031, 96.0),
(10006, 1001, 2002, 5011, 25.0), (10007, 1001, 2002, 5012, 33.0), (10008, 1001, 2002, 5013, 25.0), (10009, 1001, 2002, 5021, 86.0), (10010, 1001, 2002, 5031, 89.0),
(10011, 1001, 2003, 5011, 22.0), (10012, 1001, 2003, 5012, 30.0), (10013, 1001, 2003, 5013, 23.0), (10014, 1001, 2003, 5021, 78.0), (10015, 1001, 2003, 5031, 82.0),
(10016, 1001, 2004, 5011, 29.0), (10017, 1001, 2004, 5012, 38.5), (10018, 1001, 2004, 5013, 28.5), (10019, 1001, 2004, 5021, 95.0), (10020, 1001, 2004, 5031, 98.0);

-- 16. 学生课程总评与 CO 达成度 (student_course_score)
INSERT IGNORE INTO `student_course_score` (`id`, `teaching_class_id`, `user_id`, `total_score`, `co1_attainment`, `co2_attainment`, `co3_attainment`, `co4_attainment`, `co5_attainment`, `created_at`) VALUES
(1, 1001, 2001, 93.50, 0.950, 0.930, 0.950, NULL, NULL, '2026-01-01 00:00:00'),
(2, 1001, 2002, 83.20, 0.833, 0.830, 0.850, NULL, NULL, '2026-01-01 00:00:00'),
(3, 1001, 2003, 76.80, 0.733, 0.760, 0.790, NULL, NULL, '2026-01-01 00:00:00'),
(4, 1001, 2004, 94.00, 0.966, 0.955, 0.960, NULL, NULL, '2026-01-01 00:00:00'),
(5, 1001, 2005, 68.50, 0.670, 0.680, 0.700, NULL, NULL, '2026-01-01 00:00:00');

-- 17. 课程达成度汇总表 (course_attainment)
INSERT IGNORE INTO `course_attainment` (`id`, `teaching_class_id`, `overall_attainment`, `sample_size`, `calculated_at`, `created_at`) VALUES
(1, 1001, 0.8520, 5, '2026-01-01 00:00:00', '2026-01-01 00:00:00'),
(2, 1003, 0.8140, 5, '2026-01-01 00:00:00', '2026-01-01 00:00:00');

-- 18. 指标点与毕业要求达成度 (grad_indicator_attainment & grad_requirement_attainment)
INSERT IGNORE INTO `grad_indicator_attainment` (`id`, `scheme_id`, `indicator_id`, `attainment_value`, `calculated_at`) VALUES
(1, 10, 1013, 0.8520, '2026-01-01 00:00:00'),
(2, 10, 1031, 0.8350, '2026-01-01 00:00:00'),
(3, 10, 1032, 0.8480, '2026-01-01 00:00:00');

INSERT IGNORE INTO `grad_requirement_attainment` (`id`, `scheme_id`, `req_id`, `attainment_value`, `calculated_at`) VALUES
(1, 10, 101, 0.8520, '2026-01-01 00:00:00'),
(2, 10, 103, 0.8415, '2026-01-01 00:00:00');

-- 19. 持续改进记录 (continuous_improvement)
INSERT IGNORE INTO `continuous_improvement` (`id`, `teaching_class_id`, `problem_description`, `improvement_measures`, `effect_evaluation`, `status`, `created_at`) VALUES
(1, 1001, '部分学生在UML时序图设计环节表达能力欠佳，CO2达成度略低于预期目标。', '增加2课时的案例协同实操演练，重点强化软件架构时序图与类图的对应关系。', '预期在下一轮教学中将 CO2 达成度提升 5%。', 1, '2026-01-01 00:00:00'),
(2, 1003, '机考算法编程题在边界异常处理方面失分较多。', '增加在线判题系统（OJ）周练作业，强化测试用例覆盖率意识。', '预期下一期机考及格率提高 8%。', 1, '2026-01-01 00:00:00');

-- 20. 问卷与答卷表 (survey_questionnaire, survey_question, survey_answer)
INSERT IGNORE INTO `survey_questionnaire` (`id`, `title`, `description`, `target_role`, `status`, `created_at`) VALUES
(1, '2024学年软件工程课程教学质量与目标达成度学生评教问卷', '本问卷旨在评估本课程各教学环节对课程目标(CO)的支撑有效性，请据实填写。', 'STUDENT', 1, '2026-01-01 00:00:00'),
(2, '2024届毕业生毕业要求达成度自我评估调查问卷', '评估学生在4年本科学习后对毕业要求12条标准的达成自信度。', 'STUDENT', 1, '2026-01-01 00:00:00');

INSERT IGNORE INTO `survey_question` (`id`, `questionnaire_id`, `question_text`, `question_type`, `options_json`, `sort_order`) VALUES
(101, 1, '您认为通过本课程的学习，是否掌握了软件需求工程与体系结构设计能力？', 'SINGLE', '["完全掌握", "基本掌握", "一般", "未掌握"]', 1),
(102, 1, '您对本课程期中项目大作业的教学安排满意度如何？', 'SINGLE', '["非常满意", "满意", "一般", "不满意"]', 2),
(201, 2, '回顾四年学习，您认为自己在算法分析与复杂问题解决方面的能力如何？', 'SINGLE', '["优秀", "良好", "合格", "较弱"]', 1);

INSERT IGNORE INTO `survey_answer` (`id`, `questionnaire_id`, `question_id`, `user_id`, `answer_content`, `submitted_at`) VALUES
(1, 1, 101, 2001, '完全掌握', '2026-01-01 00:00:00'),
(2, 1, 102, 2001, '非常满意', '2026-01-01 00:00:00'),
(3, 1, 101, 2004, '完全掌握', '2026-01-01 00:00:00'),
(4, 2, 201, 2001, '优秀', '2026-01-01 00:00:00');

-- 21. 自评报告与章节明细 (report, report_section, report_data_source)
INSERT IGNORE INTO `report` (`id`, `scheme_id`, `title`, `status`, `created_at`) VALUES
(1, 10, '2024年度软件工程专业工程教育认证自评报告', 1, '2026-01-01 00:00:00');

INSERT IGNORE INTO `report_section` (`id`, `report_id`, `section_number`, `title`, `content`, `assigned_to`, `status`) VALUES
(1, 1, '1.0', '学生', '本专业学生招生质量良好，转专业与学籍变更管理规范，毕业率与就业率均在 95% 以上。', 1011, 1),
(2, 1, '2.0', '培养目标', '本专业培养目标明确，适应区域经济社会发展需求，定期开展毕业生及用人单位跟踪调查。', 1011, 1),
(3, 1, '3.0', '毕业要求', '本专业毕业要求涵盖工程教育认证通用标准12条，拆解为30个二级指标点，支撑矩阵覆盖完整。', 1021, 1),
(4, 1, '4.0', '持续改进', '建立了完善的课程达成度评价与反馈机制，形成了闭环持续改进流程。', 1021, 1);

-- 22. 系统审计日志 (sys_audit_log)
INSERT IGNORE INTO `sys_audit_log` (`id`, `user_id`, `username`, `operation`, `method`, `params`, `ip`, `status`, `created_at`) VALUES
(1, 1001, 'admin_super', '超级管理员登录系统', 'POST /auth/login', '{"username":"admin_super"}', '127.0.0.1', 1, '2026-01-01 00:00:00'),
(2, 1011, 'dir_wang', '发布2024版软件工程人才培养方案', 'PUT /program-schemes/10/publish', '{}', '127.0.0.1', 1, '2026-01-01 00:00:00'),
(3, 1021, 'coord_li', '提交软件工程-2024春季01班课程总评成绩', 'POST /teacher/classes/1001/submit', '{}', '127.0.0.1', 1, '2026-01-01 00:00:00'),
(4, 1031, 'teacher_liu', '录入软件工程-2024春季02班期末小项成绩', 'POST /teacher/classes/1002/scores', '{"count":5}', '127.0.0.1', 1, '2026-01-01 00:00:00');
